{
    "items": [
      {
        "url": "https://www.youtube.com/watch?v=ld6Kiyywap8",
        "originalUrl": "https://www.youtube.com/watch?v=ld6Kiyywap8",
        "width": 940,
        "height": 528,
        "thumbnailUrl": "https://i.ytimg.com/vi/ld6Kiyywap8/hqdefault.jpg",
        "html": "<iframe class=\"embedly-embed\" src=\"//cdn.embedly.com/widgets/media.html?src=https%3A%2F%2Fwww.youtube.com%2Fembed%2Fld6Kiyywap8%3Ffeature%3Doembed&display_name=YouTube&url=https%3A%2F%2Fwww.youtube.com%2Fwatch%3Fv%3Dld6Kiyywap8&image=https%3A%2F%2Fi.ytimg.com%2Fvi%2Fld6Kiyywap8%2Fhqdefault.jpg&key=96f1f04c5f4143bcb0f2e68c87d65feb&type=text%2Fhtml&schema=youtube\" width=\"940\" height=\"528\" scrolling=\"no\" title=\"YouTube embed\" frameborder=\"0\" allow=\"autoplay; fullscreen; encrypted-media; picture-in-picture;\" allowfullscreen=\"true\"></iframe>",
        "type": "video"
      }
    ],
    "group": ""
  }